{
  "video": false,
  "chromeWebSecurity": false,
  "viewportWidth": 1350,
  "viewportHeight": 920,
  "watchForFileChanges": false,
  "baseUrl": "https://dev.net/e2e/productdesigner/",
  "links" : {
    "back": "https://dev.net/e2e/productdesigner/backoffice/index.php?controller=DsnProductDev&id_product=1",
    "order": "https://dev.net/e2e/productdesigner/backoffice/index.php?controller=AdminOrders&id_order=1&vieworder=1",
    "front": "https://dev.net/e2e/productdesigner/en/home/1-1-product-designer.html?designer_scroll=1",
    "front-noscroll": "https://dev.net/e2e/productdesigner/en/home/1-1-product-designer.html",
    "config": "https://dev.net/e2e/productdesigner/backoffice/index.php?controller=AdminModules&configure=productdesigner",
    "translation:fr": "https://dev.net/e2e/productdesigner/backoffice/index.php?controller=AdminTranslations&type=modules&module=productdesigner&lang=fr",
    "translation:es": "https://dev.net/e2e/productdesigner/backoffice/index.php?controller=AdminTranslations&type=modules&module=productdesigner&lang=es",
    "category": "https://dev.net/e2e/productdesigner/en/"
  },
  "cypress-watch-and-reload": {
    "watch": "**/**/*.(php|tpl)"
  },
  "livereload": {
    "https": true,
    "port": 35731
  }
}
