[
  {
    "id_image": 1,
    "id_image_group": 1,
    "file": "dogs.svg",
    "price": 100,
    "position": 0,
    "lang": {
      "label": "Dogs"
    }
  },
  {
    "id_image": 2,
    "id_image_group": 1,
    "file": "cats.svg",
    "price": 200,
    "position": 1,
    "lang": {
      "label": "Cats"
    }
  },
  {
    "id_image": 3,
    "id_image_group": 1,
    "file": "birds.svg",
    "price": 300,
    "position": 2,
    "lang": {
      "label": "Birds"
    }
  },
  {
    "id_image": 4,
    "id_image_group": 1,
    "file": "reindeer.svg",
    "price": 400,
    "position": 3,
    "lang": {
      "label": "Reindeer"
    }
  }
]